<application>
  <component name="CodeInsightSettings">
    <option name="AUTO_POPUP_JAVADOC_INFO" value="true" />
    <option name="AUTO_POPUP_COMPLETION_LOOKUP" value="false" />
    <option name="COMPLETION_CASE_SENSITIVE" value="2" />
    <option name="ADD_UNAMBIGIOUS_IMPORTS_ON_THE_FLY" value="true" />
    <EXCLUDED_PACKAGE NAME="autovalue.shaded" />
    <EXCLUDED_PACKAGE NAME="avro.shaded" />
    <EXCLUDED_PACKAGE NAME="com.beust.jcommander.internal" />
    <EXCLUDED_PACKAGE NAME="com.sun.istack" />
    <EXCLUDED_PACKAGE NAME="jline.internal" />
    <EXCLUDED_PACKAGE NAME="joptsimple.internal" />
    <EXCLUDED_PACKAGE NAME="junit.framework.Assert" />
    <EXCLUDED_PACKAGE NAME="junit.framework.Assert" />
    <EXCLUDED_PACKAGE NAME="org.assertj.core.util" />
    <EXCLUDED_PACKAGE NAME="org.flywaydb.core.internal.util" />
    <EXCLUDED_PACKAGE NAME="org.hibernate.validator.internal" />
    <EXCLUDED_PACKAGE NAME="org.mockito.internal.util.collections" />
    <EXCLUDED_PACKAGE NAME="org.mockito.internal.verification.VerificationModeFactory" />
  </component>
  <component name="DaemonCodeAnalyzerSettings" profile="Square" />
  <component name="DefaultFont">
    <option name="FONT_SIZE" value="18" />
    <option name="LINE_SPACING" value="1.0" />
  </component>
  <component name="EditorSettings">
    <option name="USE_SOFT_WRAPS" value="" />
    <option name="IS_RIGHT_MARGIN_SHOWN" value="false" />
    <option name="IS_INDENT_GUIDES_SHOWN" value="false" />
  </component>
</application>