<application>
  <component name="FileTypeManager" version="17">
    <extensionMap>
      <mapping ext="space.kts" type="Kotlin" />
      <mapping ext="gradle.kts" type="Kotlin" />
      <mapping ext="main.kts" type="Kotlin" />
      <mapping pattern="DockerFile" type="PLAIN_TEXT" />
      <mapping pattern="tt" type="PLAIN_TEXT" />
      <mapping pattern="authorize" type="PLAIN_TEXT" />
      <mapping ext="bak" type="PLAIN_TEXT" />
      <removed_mapping ext="psd" approved="true" type="Image" />
      <removed_mapping ext="apk" approved="true" type="ARCHIVE" />
    </extensionMap>
  </component>
</application>