<application>
  <component name="PostfixTemplatesSettings">
    <option name="langDisabledTemplates">
      <disabled-postfix-templates lang="JavaScript">
        <value>
          <set>
            <option value="!" />
            <option value=".await" />
            <option value=".const" />
            <option value=".else" />
            <option value=".forin" />
            <option value=".forof" />
            <option value=".if" />
            <option value=".itin" />
            <option value=".let" />
            <option value=".log" />
            <option value=".not" />
            <option value=".notnull" />
            <option value=".null" />
            <option value=".par" />
            <option value=".return" />
            <option value=".throw" />
            <option value=".typeof" />
            <option value=".undef" />
            <option value=".var" />
          </set>
        </value>
      </disabled-postfix-templates>
      <disabled-postfix-templates lang="Kotlin">
        <value>
          <set>
            <option value=".assert" />
            <option value=".else" />
            <option value=".for" />
            <option value=".if" />
            <option value=".iter" />
            <option value=".nn" />
            <option value=".not" />
            <option value=".notnull" />
            <option value=".null" />
            <option value=".par" />
            <option value=".return" />
            <option value=".sout" />
            <option value=".try" />
            <option value=".val" />
            <option value=".var" />
            <option value=".when" />
            <option value=".while" />
          </set>
        </value>
      </disabled-postfix-templates>
    </option>
  </component>
</application>